replicate,duplications,observed_duplications,losses,CNH,RKH,ILS,ILS_DLCPAR
0,6,6,0,0,1,4,3
1,3,3,0,0,0,1,1
2,3,3,0,0,0,1,1
3,4,4,0,0,1,3,2
4,2,2,0,0,1,3,2
5,3,3,0,0,0,2,1
6,1,1,0,0,0,1,1
7,6,6,0,0,2,2,2
8,2,2,0,0,1,2,2
9,1,1,0,0,0,0,0
10,0,0,0,0,0,0,0
11,11,11,0,0,4,2,1
12,1,1,0,0,0,1,1
13,1,1,0,0,0,1,1
14,0,0,0,0,0,0,0
15,1,1,0,0,0,1,1
16,4,4,0,0,0,3,2
17,0,0,0,0,0,1,1
18,2,2,0,0,0,1,1
19,10,10,0,1,4,7,7
20,38,37,0,1,5,25,20
21,11,11,0,0,1,3,3
22,1,1,0,0,1,0,0
23,3,3,0,0,2,3,2
24,6,6,0,0,0,2,2
25,2,2,0,0,0,1,1
26,1,1,0,0,0,2,2
27,2,2,0,0,1,1,1
28,1,1,0,0,0,0,0
29,0,0,0,0,0,0,0
30,1,1,0,0,0,0,0
31,14,12,0,1,4,11,8
32,1,1,0,0,1,0,0
33,5,5,0,0,3,5,4
34,15,15,0,0,4,10,8
35,5,5,0,0,2,4,4
36,41,40,0,0,6,19,15
37,2,2,0,0,0,3,2
38,1,1,0,0,0,0,0
39,2,2,0,0,1,2,1
40,0,0,0,0,0,0,0
41,4,4,0,1,1,4,4
42,4,4,0,0,2,4,3
43,3,3,0,0,0,3,2
44,5,5,0,1,2,2,2
45,2,2,0,0,1,2,1
46,2,2,0,0,0,2,1
47,25,14,0,0,7,12,11
48,3,3,0,0,1,2,1
49,14,14,0,0,2,9,7
50,0,0,0,0,0,1,1
51,12,12,0,1,4,4,4
52,10,10,0,1,2,8,7
53,2,2,0,0,1,1,1
54,1,1,0,0,0,1,1
55,1,1,0,0,1,1,1
56,4,4,0,0,0,2,2
57,0,0,0,0,0,0,0
58,8,8,0,0,1,5,4
59,2,2,0,0,1,0,0
60,2,2,0,0,1,2,1
61,3,3,0,0,0,4,3
62,1,1,0,0,1,1,1
63,2,2,0,0,0,0,0
64,4,4,0,0,3,3,3
65,6,6,0,0,3,5,4
66,5,5,0,0,2,2,1
67,16,16,0,0,5,7,7
68,8,8,0,0,1,8,6
69,2,2,0,0,0,1,1
70,1,1,0,0,1,1,1
71,2,2,0,0,1,2,2
72,3,3,0,0,1,3,2
73,2,2,0,0,0,1,1
74,7,7,0,0,0,3,3
75,0,0,0,0,0,0,0
76,2,2,0,0,0,4,2
77,3,3,0,0,2,1,1
78,14,14,0,0,2,7,6
79,1,1,0,0,0,1,1
80,2,2,0,0,1,3,2
81,0,0,0,0,0,1,1
82,3,3,0,0,0,1,1
83,6,6,0,0,1,6,5
84,4,4,0,0,0,2,2
85,3,3,0,0,0,1,1
86,2,2,0,0,0,2,2
87,2,2,0,0,0,0,0
88,0,0,0,0,0,0,0
89,1,1,0,0,0,1,1
90,3,3,0,0,1,4,4
91,7,7,0,0,0,1,1
92,5,5,0,0,1,2,1
93,3,3,0,0,3,4,4
94,1,1,0,0,0,2,1
95,3,3,0,0,0,3,2
96,12,12,0,0,3,7,6
97,1,1,0,0,0,0,0
98,4,4,0,0,1,3,2
99,2,2,0,0,0,1,1
100,0,0,0,0,0,0,0
101,3,3,0,0,0,2,1
102,7,7,0,0,2,5,5
103,2,2,0,0,0,2,1
104,2,2,0,0,0,1,1
105,7,7,0,0,3,4,3
106,0,0,0,0,0,0,0
107,1,1,0,0,0,1,1
108,2,2,0,0,0,3,2
109,28,28,0,0,5,14,13
110,1,1,0,0,1,1,1
111,2,2,0,0,0,0,0
112,1,1,0,0,0,0,0
113,1,1,0,0,0,1,1
114,2,2,0,0,0,2,1
115,16,16,0,0,5,7,4
116,2,2,0,0,1,0,0
117,2,2,0,0,1,2,2
118,12,12,0,0,0,9,6
119,11,11,0,0,2,10,8
120,18,15,0,0,2,18,12
121,8,8,0,0,1,2,2
122,2,2,0,0,0,0,0
123,1,1,0,0,1,2,1
124,2,2,0,0,1,1,1
125,1,1,0,0,0,0,0
126,1,1,0,0,0,0,0
127,8,8,0,0,1,4,4
128,18,18,0,0,3,9,9
129,4,4,0,1,2,3,3
130,22,22,0,0,7,18,14
131,0,0,0,0,0,0,0
132,1,1,0,0,1,1,1
133,15,15,0,0,4,14,10
134,4,4,0,0,0,2,2
135,0,0,0,0,0,0,0
136,5,5,0,0,0,4,3
137,2,2,0,0,1,1,1
138,5,5,0,0,4,0,0
139,0,0,0,0,0,0,0
140,7,7,0,0,0,4,4
141,1,1,0,0,1,2,2
142,5,5,0,0,3,4,3
143,1,1,0,0,1,0,0
144,2,2,0,0,0,1,1
145,3,3,0,0,0,1,1
146,0,0,0,0,0,0,0
147,8,8,0,0,1,3,2
148,18,18,0,0,5,11,9
149,7,7,0,0,0,4,4
150,12,12,0,0,4,6,5
151,7,7,0,0,3,4,4
152,1,1,0,0,0,1,1
153,0,0,0,0,0,0,0
154,7,7,0,0,2,5,5
155,1,1,0,0,0,0,0
156,6,6,0,0,2,4,3
157,4,4,0,0,0,3,3
158,5,5,0,0,2,5,4
159,3,3,0,0,1,0,0
160,8,6,0,0,2,4,3
161,2,2,0,0,1,2,1
162,2,2,0,0,1,2,2
163,2,2,0,0,1,2,2
164,24,21,0,0,5,15,11
165,1,1,0,0,0,0,0
166,1,1,0,0,0,0,0
167,14,8,0,0,3,7,6
168,4,4,0,0,0,4,3
169,4,4,0,0,1,3,2
170,2,2,0,0,1,2,2
171,2,2,0,0,1,2,2
172,4,4,0,0,0,4,3
173,3,3,0,0,1,3,3
174,1,1,0,0,0,0,0
175,7,7,0,0,0,4,4
176,1,1,0,0,0,0,0
177,7,7,0,0,0,2,1
178,6,6,0,1,1,2,2
179,11,11,0,0,3,6,6
180,2,2,0,0,0,1,1
181,13,11,0,0,1,3,3
182,4,4,0,1,4,4,4
183,7,7,0,0,1,2,2
184,4,4,0,0,2,4,2
185,2,2,0,0,0,1,1
186,7,7,0,0,3,6,5
187,1,1,0,0,0,1,1
188,20,18,0,1,6,9,9
189,2,2,0,0,0,1,1
190,6,6,0,0,1,1,1
191,3,3,0,0,2,3,3
192,2,2,0,0,0,3,2
193,5,5,0,0,3,6,5
194,2,2,0,0,0,1,1
195,4,4,0,0,2,3,3
196,0,0,0,0,0,1,1
197,1,1,0,0,1,2,2
198,2,2,0,0,0,0,0
199,3,3,0,1,2,7,5
200,1,1,0,0,0,1,1
201,3,3,0,0,3,3,3
202,7,7,0,0,4,8,5
203,1,1,0,0,0,0,0
204,6,6,0,0,1,2,2
205,0,0,0,0,0,0,0
206,1,1,0,0,0,1,1
207,4,4,0,0,1,2,2
208,4,4,0,0,1,0,0
209,6,6,0,0,0,2,2
210,1,1,0,0,0,0,0
211,3,3,0,0,1,1,1
212,3,3,0,0,0,2,2
213,8,8,0,1,3,5,5
214,4,4,0,0,1,4,4
215,2,2,0,0,0,2,2
216,2,2,0,0,2,3,3
217,5,5,0,0,0,3,3
218,0,0,0,0,0,0,0
219,1,1,0,0,0,0,0
220,2,2,0,0,0,0,0
221,3,3,0,0,0,0,0
222,2,2,0,0,0,1,1
223,9,9,0,0,1,9,6
224,3,3,0,0,0,3,2
225,8,8,0,0,3,10,7
226,1,1,0,0,1,0,0
227,3,3,0,0,0,1,1
228,0,0,0,0,0,0,0
229,9,8,0,0,4,9,6
230,2,2,0,0,0,0,0
231,3,3,0,0,0,3,2
232,2,2,0,0,0,0,0
233,1,1,0,0,0,1,1
234,5,5,0,0,3,1,1
235,13,13,0,0,5,10,9
236,1,1,0,0,0,2,1
237,2,2,0,0,0,3,2
238,12,12,0,1,3,10,8
239,1,1,0,0,0,1,1
240,4,4,0,0,1,1,1
241,1,1,0,0,0,2,2
242,13,13,0,0,3,10,7
243,1,1,0,0,0,0,0
244,0,0,0,0,0,0,0
245,1,1,0,0,0,1,1
246,1,1,0,0,0,0,0
247,26,24,0,0,6,20,16
248,2,2,0,0,1,1,1
249,1,1,0,0,0,0,0
250,4,4,0,0,1,4,2
251,8,8,0,0,2,4,3
252,4,4,0,0,0,1,1
253,6,6,0,0,1,3,3
254,0,0,0,0,0,0,0
255,7,7,0,0,3,6,4
256,1,1,0,0,0,0,0
257,6,6,0,0,4,3,3
258,7,7,0,0,1,2,2
259,1,1,0,0,1,2,1
260,0,0,0,0,0,0,0
261,6,6,0,0,0,3,2
262,3,3,0,0,0,2,2
263,3,3,0,0,0,1,1
264,9,9,0,0,1,8,6
265,4,4,0,0,0,1,1
266,10,10,0,0,0,6,5
267,2,2,0,0,1,1,1
268,3,3,0,0,2,2,1
269,3,3,0,0,0,0,0
270,4,4,0,0,1,1,1
271,3,3,0,0,0,1,1
272,13,13,0,0,2,6,6
273,2,2,0,0,0,2,1
274,0,0,0,0,0,0,0
275,5,5,0,0,2,6,4
276,0,0,0,0,0,0,0
277,4,4,0,0,1,3,2
278,15,15,0,0,4,12,10
279,4,4,0,0,1,3,2
280,8,8,0,0,2,6,6
281,7,7,0,0,1,7,6
282,4,4,0,0,3,2,2
283,5,5,0,0,3,4,3
284,2,2,0,0,1,2,1
285,5,5,0,0,1,1,1
286,4,4,0,0,0,0,0
287,3,3,0,0,1,3,3
288,2,2,0,0,1,2,1
289,5,5,0,0,1,4,3
290,5,5,0,0,0,3,2
291,1,1,0,0,0,1,1
292,0,0,0,0,0,1,1
293,7,7,0,0,1,5,4
294,0,0,0,0,0,0,0
295,2,2,0,0,0,0,0
296,1,1,0,0,0,0,0
297,5,5,0,0,0,1,1
298,3,3,0,0,0,2,1
299,0,0,0,0,0,1,1
300,0,0,0,0,0,0,0
301,3,3,0,0,1,1,1
302,7,7,0,0,1,3,3
303,3,3,0,0,2,1,1
304,6,6,0,0,1,3,2
305,2,2,0,0,0,2,1
306,1,1,0,0,0,0,0
307,0,0,0,0,0,0,0
308,6,6,0,0,1,4,3
309,2,2,0,0,1,3,2
310,1,1,0,0,0,3,2
311,2,2,0,0,0,1,1
312,6,6,0,0,4,3,3
313,2,2,0,0,0,2,1
314,3,3,0,0,2,1,1
315,5,5,0,0,1,4,3
316,2,2,0,0,0,0,0
317,8,8,0,0,0,5,4
318,0,0,0,0,0,0,0
319,1,1,0,0,0,0,0
320,1,1,0,0,0,0,0
321,1,1,0,0,0,1,1
322,9,9,0,0,1,6,5
323,21,21,0,0,5,17,15
324,6,6,0,0,1,5,4
325,2,2,0,0,0,1,1
326,6,6,0,0,2,4,3
327,1,1,0,0,0,1,1
328,9,8,0,0,2,5,5
329,3,3,0,0,1,3,2
330,6,6,0,0,0,7,5
331,3,3,0,0,0,1,1
332,8,8,0,0,1,4,4
333,7,7,0,0,4,9,6
334,1,1,0,0,0,1,1
335,3,3,0,0,0,2,1
336,4,4,0,0,2,3,2
337,2,2,0,0,1,1,1
338,5,5,0,0,0,3,2
339,10,9,0,0,0,6,6
340,1,1,0,0,1,2,2
341,10,10,0,0,3,10,6
342,3,3,0,0,1,1,1
343,35,35,0,0,8,20,18
344,2,2,0,0,0,0,0
345,1,1,0,0,0,2,2
346,1,1,0,0,0,1,1
347,0,0,0,0,0,0,0
348,5,5,0,0,2,6,4
349,7,7,0,0,1,1,1
350,1,1,0,0,1,1,1
351,1,1,0,0,1,1,1
352,16,16,0,0,1,8,5
353,1,1,0,0,0,2,1
354,2,2,0,0,0,1,1
355,2,2,0,0,1,4,3
356,1,1,0,0,0,0,0
357,8,8,0,0,3,7,4
358,0,0,0,0,0,0,0
359,3,3,0,0,1,0,0
360,1,1,0,0,1,0,0
361,6,6,0,0,2,4,4
362,1,1,0,0,0,1,1
363,16,14,0,0,2,13,9
364,5,5,0,0,0,3,3
365,1,1,0,0,0,0,0
366,1,1,0,0,0,0,0
367,11,11,0,1,6,12,10
368,4,4,0,0,0,4,3
369,4,4,0,0,0,1,1
370,8,8,0,0,1,9,7
371,0,0,0,0,0,1,1
372,5,5,0,0,1,3,3
373,0,0,0,0,0,0,0
374,4,4,0,0,0,1,1
375,2,2,0,0,0,0,0
376,3,3,0,0,0,4,3
377,1,1,0,0,0,2,2
378,7,7,0,0,1,5,4
379,3,3,0,0,1,3,2
380,3,3,0,0,0,2,1
381,5,5,0,0,1,4,4
382,0,0,0,0,0,0,0
383,1,1,0,0,0,0,0
384,7,7,0,0,2,9,5
385,4,4,0,0,0,3,2
386,11,9,0,0,2,7,6
387,0,0,0,0,0,0,0
388,6,6,0,0,1,4,4
389,3,3,0,0,3,4,3
390,4,4,0,0,2,4,3
391,9,9,0,0,2,6,4
392,8,8,0,0,3,7,6
393,2,2,0,0,0,0,0
394,1,1,0,0,0,1,1
395,5,5,0,0,3,8,5
396,1,1,0,0,0,0,0
397,4,4,0,0,0,2,2
398,4,4,0,0,3,6,5
399,3,3,0,0,0,2,1
400,1,1,0,0,0,2,2
401,5,5,0,0,0,1,1
402,3,3,0,0,0,6,5
403,0,0,0,0,0,0,0
404,1,1,0,0,0,1,1
405,2,2,0,0,0,1,1
406,4,4,0,1,2,4,4
407,18,18,0,0,4,11,9
408,4,4,0,0,1,2,2
409,1,1,0,0,0,2,1
410,2,2,0,0,0,2,2
411,4,4,0,1,1,2,2
412,15,15,0,0,1,7,5
413,6,6,0,1,2,6,5
414,3,3,0,0,1,2,2
415,12,12,0,0,4,9,8
416,15,15,0,0,5,11,9
417,2,2,0,0,2,3,2
418,8,8,0,0,4,6,4
419,25,22,0,1,8,14,12
420,2,2,0,0,1,1,1
421,5,5,0,1,1,6,5
422,5,5,0,0,0,2,1
423,6,6,0,0,0,0,0
424,5,5,0,0,2,3,2
425,7,7,0,0,2,7,6
426,4,4,0,0,1,3,2
427,3,3,0,0,1,1,1
428,4,4,0,0,1,1,1
429,5,5,0,0,1,4,4
430,5,5,0,0,1,2,2
431,4,4,0,0,2,3,3
432,1,1,0,0,1,2,1
433,7,7,0,0,2,5,5
434,1,1,0,0,0,0,0
435,16,16,0,0,4,15,13
436,6,6,0,0,1,3,3
437,7,7,0,0,2,3,2
438,3,3,0,0,0,3,2
439,1,1,0,0,0,0,0
440,7,7,0,0,2,7,4
441,7,7,0,0,2,4,2
442,17,15,0,0,4,10,7
443,7,7,0,0,4,7,5
444,6,6,0,0,0,1,1
445,4,4,0,1,3,4,4
446,2,2,0,0,0,0,0
447,3,3,0,1,1,3,3
448,1,1,0,0,0,0,0
449,0,0,0,0,0,0,0
450,9,9,0,2,2,6,6
451,4,4,0,0,2,4,4
452,2,2,0,0,1,4,3
453,8,8,0,0,3,7,5
454,5,5,0,0,2,2,1
455,16,15,0,0,3,8,6
456,4,4,0,0,0,3,2
457,0,0,0,0,0,0,0
458,3,3,0,0,1,0,0
459,0,0,0,0,0,1,1
460,1,1,0,0,0,2,1
461,13,13,0,0,1,8,7
462,7,7,0,0,3,5,4
463,2,2,0,0,1,1,1
464,2,2,0,0,0,3,2
465,3,3,0,0,1,4,2
466,1,1,0,0,0,0,0
467,20,20,0,0,5,16,13
468,1,1,0,0,0,0,0
469,1,1,0,0,1,2,1
470,2,2,0,0,0,2,2
471,3,3,0,0,0,2,2
472,2,2,0,0,0,0,0
473,1,1,0,0,0,1,1
474,2,2,0,0,1,2,1
475,2,2,0,0,0,2,2
476,2,2,0,0,1,1,1
477,9,9,0,0,2,8,7
478,2,2,0,0,0,0,0
479,0,0,0,0,0,1,1
480,1,1,0,0,0,2,1
481,6,6,0,0,1,6,5
482,11,11,0,0,2,9,7
483,6,6,0,0,4,3,3
484,12,12,0,0,3,6,5
485,2,2,0,0,0,0,0
486,2,2,0,0,0,2,1
487,0,0,0,0,0,0,0
488,4,4,0,0,1,2,2
489,0,0,0,0,0,0,0
490,12,10,0,0,2,10,7
491,1,1,0,0,0,1,1
492,7,7,0,1,3,6,5
493,4,4,0,0,1,2,2
494,4,4,0,0,0,4,4
495,2,2,0,0,0,0,0
496,5,5,0,0,3,4,3
497,1,1,0,0,0,1,1
498,7,7,0,0,0,5,5
499,6,6,0,0,1,2,2
500,2,2,0,0,1,2,1
501,7,7,0,0,2,4,4
502,2,2,0,0,1,2,1
503,3,3,0,0,2,1,1
504,4,4,0,0,1,5,4
505,1,1,0,0,1,1,1
506,13,13,0,0,3,9,7
507,9,9,0,0,3,5,4
508,3,3,0,0,0,1,1
509,5,5,0,0,0,3,3
510,10,10,0,0,5,8,6
511,19,18,0,1,9,14,13
512,9,9,0,0,2,8,6
513,4,4,0,0,1,2,2
514,2,2,0,0,0,3,2
515,1,1,0,0,0,2,1
516,7,7,0,0,1,2,2
517,10,10,0,0,0,5,4
518,6,6,0,0,0,3,2
519,0,0,0,0,0,0,0
520,0,0,0,0,0,0,0
521,8,8,0,0,2,4,3
522,2,2,0,0,2,1,1
523,2,2,0,0,1,2,1
524,9,9,0,1,2,8,6
525,4,4,0,0,0,2,2
526,11,11,0,0,2,7,7
527,4,4,0,0,0,2,2
528,3,3,0,0,1,5,4
529,0,0,0,0,0,0,0
530,2,2,0,0,0,1,1
531,1,1,0,0,1,0,0
532,3,3,0,0,0,2,1
533,7,7,0,0,1,2,2
534,9,9,0,0,3,4,4
535,2,2,0,0,1,2,2
536,6,6,0,0,1,1,1
537,5,5,0,0,4,8,5
538,5,5,0,0,0,2,2
539,10,8,0,0,3,6,5
540,4,4,0,0,0,5,3
541,3,3,0,0,0,3,3
542,5,5,0,0,0,4,3
543,12,12,0,0,1,9,7
544,0,0,0,0,0,0,0
545,2,2,0,0,0,0,0
546,2,2,0,0,0,2,1
547,3,3,0,0,0,4,2
548,2,2,0,0,0,2,2
549,1,1,0,0,1,1,1
550,0,0,0,0,0,0,0
551,1,1,0,0,1,1,1
552,10,10,0,0,3,7,5
553,2,2,0,0,0,2,1
554,3,3,0,0,1,1,1
555,5,5,0,0,1,3,3
556,6,6,0,0,3,4,3
557,4,4,0,0,0,3,2
558,1,1,0,0,1,1,1
559,25,25,0,0,9,20,15
560,2,2,0,0,0,1,1
561,2,2,0,0,0,1,1
562,1,1,0,0,0,0,0
563,3,3,0,0,1,2,2
564,2,2,0,0,0,1,1
565,5,5,0,0,0,1,1
566,11,11,0,0,2,4,3
567,5,5,0,1,1,2,2
568,2,2,0,0,0,0,0
569,10,10,0,0,1,7,6
570,0,0,0,0,0,0,0
571,7,7,0,0,4,9,6
572,2,2,0,0,0,1,1
573,0,0,0,0,0,0,0
574,9,9,0,0,2,6,5
575,4,4,0,0,2,4,4
576,3,3,0,0,0,2,1
577,20,19,0,0,5,16,12
578,31,16,0,0,9,22,17
579,41,39,0,0,9,21,19
580,5,5,0,0,1,4,2
581,6,6,0,0,0,5,4
582,0,0,0,0,0,0,0
583,10,10,0,0,0,4,2
584,2,2,0,0,0,1,1
585,15,15,0,1,1,13,12
586,4,4,0,0,0,3,2
587,2,2,0,0,2,3,2
588,5,5,0,0,0,3,3
589,4,4,0,0,1,2,1
590,3,3,0,0,2,2,1
591,1,1,0,0,0,1,1
592,4,4,0,0,2,2,2
593,2,2,0,0,0,4,2
594,1,1,0,0,0,0,0
595,1,1,0,0,1,1,1
596,2,2,0,0,1,2,1
597,0,0,0,0,0,0,0
598,4,4,0,0,2,3,3
599,3,3,0,0,1,2,2
600,0,0,0,0,0,0,0
601,4,4,0,0,1,2,2
602,3,3,0,1,1,3,3
603,0,0,0,0,0,0,0
604,20,19,0,0,5,12,11
605,10,10,0,0,4,5,4
606,4,4,0,0,1,2,2
607,1,1,0,0,0,1,1
608,13,13,0,0,3,9,6
609,0,0,0,0,0,0,0
610,3,3,0,0,1,3,2
611,3,3,0,0,1,3,3
612,38,37,0,0,15,30,26
613,5,5,0,0,2,6,5
614,5,5,0,0,0,3,3
615,5,5,0,0,1,5,3
616,2,2,0,0,1,2,2
617,12,12,0,0,3,8,7
618,3,3,0,0,0,1,1
619,0,0,0,0,0,1,1
620,4,4,0,0,0,2,1
621,3,3,0,0,2,3,3
622,6,6,0,0,1,2,2
623,1,1,0,0,0,1,1
624,4,4,0,0,2,4,4
625,5,5,0,0,1,2,2
626,8,8,0,0,4,7,5
627,1,1,0,0,0,1,1
628,1,1,0,0,1,2,1
629,16,16,0,0,4,10,8
630,0,0,0,0,0,0,0
631,19,19,0,0,5,9,8
632,15,15,0,0,3,11,10
633,0,0,0,0,0,1,1
634,44,37,0,1,9,24,20
635,0,0,0,0,0,1,1
636,1,1,0,0,1,2,1
637,5,5,0,0,1,4,4
638,5,5,0,0,2,4,3
639,7,7,0,0,1,2,2
640,4,4,0,0,0,4,3
641,1,1,0,0,0,0,0
642,3,3,0,0,0,1,1
643,2,2,0,0,2,3,2
644,0,0,0,0,0,0,0
645,7,7,0,0,3,6,4
646,5,5,0,0,1,2,1
647,6,6,0,0,1,2,2
648,0,0,0,0,0,0,0
649,10,10,0,0,3,8,7
650,3,3,0,0,0,1,1
651,4,4,0,0,2,3,3
652,0,0,0,0,0,0,0
653,4,4,0,0,2,3,2
654,1,1,0,0,1,0,0
655,8,8,0,0,1,1,1
656,3,3,0,0,1,1,1
657,0,0,0,0,0,0,0
658,0,0,0,0,0,1,1
659,2,2,0,0,1,1,1
660,11,8,0,0,4,4,3
661,3,3,0,0,0,2,1
662,3,3,0,0,0,2,1
663,3,3,0,0,2,3,3
664,8,8,0,0,2,4,4
665,16,16,0,0,3,8,7
666,1,1,0,0,0,0,0
667,2,2,0,0,1,2,2
668,10,10,0,0,2,2,2
669,0,0,0,0,0,0,0
670,0,0,0,0,0,0,0
671,19,19,0,0,6,14,11
672,70,55,0,1,18,36,33
673,6,6,0,0,3,6,4
674,1,1,0,0,0,1,1
675,18,16,0,0,2,5,5
676,5,5,0,0,1,2,1
677,3,3,0,0,0,3,2
678,2,2,0,0,1,3,2
679,8,8,0,0,1,1,1
680,0,0,0,0,0,0,0
681,3,3,0,0,2,3,2
682,5,5,0,0,1,0,0
683,9,9,0,0,2,6,5
684,3,3,0,0,1,2,2
685,4,4,0,0,1,1,1
686,4,4,0,0,1,4,3
687,4,4,0,0,1,4,3
688,4,4,0,0,2,5,3
689,4,4,0,0,3,3,2
690,5,5,0,0,1,3,3
691,6,6,0,0,1,2,1
692,13,13,0,0,4,10,8
693,12,12,0,1,5,10,7
694,1,1,0,0,0,3,2
695,2,2,0,0,0,1,1
696,1,1,0,0,1,2,2
697,5,5,0,0,1,3,2
698,5,5,0,0,1,3,3
699,0,0,0,0,0,0,0
700,3,3,0,0,0,2,2
701,24,21,0,0,5,19,17
702,3,3,0,0,1,4,3
703,7,7,0,0,0,1,1
704,1,1,0,0,0,0,0
705,6,6,0,0,1,3,3
706,0,0,0,0,0,0,0
707,4,4,0,0,0,2,2
708,2,2,0,0,0,1,1
709,2,2,0,0,0,0,0
710,3,3,0,0,1,3,2
711,5,5,0,0,1,2,1
712,2,2,0,0,0,1,1
713,6,6,0,0,2,3,2
714,2,2,0,0,0,0,0
715,1,1,0,0,0,1,1
716,7,7,0,0,1,9,7
717,3,3,0,0,0,0,0
718,5,5,0,0,1,2,2
719,1,1,0,0,1,2,1
720,7,7,0,0,3,3,2
721,6,6,0,1,2,5,4
722,5,5,0,0,1,7,5
723,18,14,0,0,6,12,10
724,0,0,0,0,0,1,1
725,2,2,0,0,0,1,1
726,2,2,0,0,0,1,1
727,3,3,0,1,3,5,4
728,3,3,0,0,2,4,3
729,27,24,0,0,4,13,12
730,2,2,0,0,1,2,1
731,2,2,0,0,1,2,2
732,4,4,0,0,1,2,2
733,4,4,0,0,1,1,1
734,25,23,0,1,11,13,11
735,1,1,0,0,0,0,0
736,0,0,0,0,0,1,1
737,4,4,0,0,3,3,2
738,5,5,0,0,0,4,2
739,6,6,0,1,2,3,3
740,17,17,0,0,4,11,10
741,3,3,0,0,0,0,0
742,7,7,0,0,3,4,3
743,5,5,0,0,0,3,2
744,1,1,0,0,0,1,1
745,2,2,0,0,1,1,1
746,4,4,0,0,2,0,0
747,1,1,0,0,1,2,1
748,2,2,0,0,0,0,0
749,4,4,0,0,1,3,2
750,6,6,0,0,1,2,2
751,3,3,0,0,2,3,3
752,5,5,0,0,2,2,2
753,6,6,0,0,1,7,4
754,16,15,0,2,5,11,9
755,4,4,0,0,1,4,3
756,5,5,0,0,2,2,2
757,2,2,0,0,0,1,1
758,7,7,0,0,0,2,2
759,1,1,0,0,0,2,1
760,6,6,0,0,2,4,3
761,3,3,0,0,0,1,1
762,0,0,0,0,0,0,0
763,6,6,0,0,3,7,7
764,16,13,0,0,6,4,4
765,64,46,0,0,11,41,32
766,3,3,0,0,2,3,3
767,23,23,0,0,3,11,10
768,0,0,0,0,0,1,1
769,4,4,0,0,1,3,3
770,21,18,0,1,8,13,11
771,0,0,0,0,0,0,0
772,0,0,0,0,0,0,0
773,2,2,0,0,0,0,0
774,0,0,0,0,0,0,0
775,12,12,0,0,3,7,6
776,2,2,0,0,0,0,0
777,5,5,0,0,1,2,2
778,2,2,0,0,0,3,3
779,1,1,0,0,1,0,0
780,4,4,0,0,1,2,2
781,1,1,0,0,1,1,1
782,5,5,0,0,1,2,2
783,4,4,0,0,0,3,2
784,1,1,0,0,0,0,0
785,10,10,0,0,1,6,4
786,0,0,0,0,0,0,0
787,2,2,0,0,1,1,1
788,0,0,0,0,0,0,0
789,3,3,0,0,0,0,0
790,3,3,0,0,1,5,3
791,17,14,0,1,6,14,10
792,0,0,0,0,0,1,1
793,4,4,0,0,1,5,3
794,3,3,0,0,0,3,2
795,18,14,0,0,4,10,9
796,3,3,0,0,2,5,4
797,3,3,0,0,1,2,1
798,1,1,0,0,0,0,0
799,100,80,0,1,25,65,50
800,2,2,0,0,1,2,1
801,0,0,0,0,0,0,0
802,22,22,0,1,7,15,12
803,0,0,0,0,0,0,0
804,9,9,0,0,5,8,6
805,1,1,0,0,0,1,1
806,22,20,0,0,5,7,7
807,33,33,0,0,11,25,21
808,2,2,0,0,1,0,0
809,2,2,0,0,1,2,2
810,1,1,0,0,0,1,1
811,2,2,0,0,1,2,2
812,1,1,0,0,0,1,1
813,2,2,0,0,1,1,1
814,2,2,0,0,2,3,2
815,5,5,0,0,0,2,1
816,3,3,0,0,0,1,1
817,2,2,0,0,0,1,1
818,1,1,0,0,0,2,2
819,4,4,0,0,0,2,2
820,6,6,0,0,0,4,3
821,1,1,0,0,1,1,1
822,5,5,0,0,1,4,2
823,3,3,0,0,0,0,0
824,10,10,0,0,3,9,8
825,4,4,0,0,1,3,3
826,2,2,0,0,1,4,2
827,16,16,0,0,2,7,5
828,3,3,0,0,2,3,3
829,4,4,0,0,2,3,2
830,1,1,0,0,0,2,1
831,6,6,0,0,4,3,3
832,3,3,0,0,0,4,3
833,1,1,0,0,0,2,1
834,5,5,0,0,3,2,2
835,2,2,0,0,1,0,0
836,7,7,0,0,4,2,1
837,4,4,0,0,0,3,2
838,5,5,0,0,1,4,3
839,19,19,0,0,4,10,9
840,4,4,0,0,0,2,2
841,0,0,0,0,0,0,0
842,0,0,0,0,0,0,0
843,2,2,0,0,1,2,2
844,3,3,0,0,1,2,1
845,4,4,0,0,1,2,1
846,2,2,0,0,0,0,0
847,4,4,0,0,1,2,2
848,7,7,0,0,2,5,4
849,3,3,0,0,0,0,0
850,2,2,0,0,0,4,3
851,1,1,0,0,0,1,1
852,1,1,0,0,0,1,1
853,5,5,0,0,0,1,1
854,2,2,0,0,0,2,2
855,9,9,0,0,2,3,3
856,1,1,0,0,1,2,2
857,5,5,0,0,0,3,2
858,0,0,0,0,0,0,0
859,4,4,0,0,1,2,2
860,2,2,0,0,0,3,2
861,5,5,0,0,2,3,2
862,2,2,0,0,1,1,1
863,3,3,0,0,0,1,1
864,2,2,0,0,1,2,1
865,0,0,0,0,0,0,0
866,5,5,0,0,1,3,2
867,0,0,0,0,0,0,0
868,13,11,0,0,2,7,5
869,9,9,0,0,0,3,3
870,15,15,0,1,3,8,8
871,0,0,0,0,0,0,0
872,3,3,0,0,1,0,0
873,4,4,0,0,0,2,1
874,0,0,0,0,0,0,0
875,5,5,0,1,1,7,6
876,14,14,0,0,3,7,7
877,4,4,0,0,1,4,3
878,1,1,0,0,0,1,1
879,7,7,0,0,1,6,5
880,1,1,0,0,0,1,1
881,0,0,0,0,0,1,1
882,6,6,0,0,1,3,2
883,7,7,0,0,1,1,1
884,4,4,0,0,3,4,4
885,4,4,0,0,1,6,4
886,6,5,0,1,1,3,3
887,0,0,0,0,0,0,0
888,1,1,0,0,0,0,0
889,0,0,0,0,0,0,0
890,9,9,0,0,2,6,4
891,12,12,0,0,4,7,7
892,2,2,0,0,2,2,2
893,1,1,0,0,1,1,1
894,1,1,0,0,0,0,0
895,10,10,0,0,2,7,5
896,6,6,0,0,5,6,4
897,4,4,0,0,3,5,5
898,4,4,0,1,1,4,3
899,31,31,0,1,9,21,20
900,4,4,0,0,1,3,3
901,2,2,0,0,0,1,1
902,2,2,0,0,2,1,1
903,5,5,0,0,0,2,2
904,5,5,0,0,0,5,3
905,7,7,0,0,4,2,2
906,3,3,0,0,0,1,1
907,9,8,0,1,4,9,8
908,7,7,0,0,0,5,3
909,7,7,0,0,0,5,4
910,1,1,0,0,0,0,0
911,2,2,0,0,1,1,1
912,2,2,0,0,1,2,2
913,0,0,0,0,0,0,0
914,4,4,0,0,0,3,3
915,2,2,0,0,1,3,2
916,8,8,0,0,2,7,6
917,4,4,0,0,1,6,3
918,20,20,0,0,9,13,11
919,4,4,0,0,3,2,2
920,2,2,0,0,1,3,2
921,0,0,0,0,0,0,0
922,13,13,0,1,4,7,7
923,2,2,0,0,1,2,1
924,2,2,0,0,0,0,0
925,4,4,0,0,0,2,2
926,0,0,0,0,0,0,0
927,6,6,0,0,1,7,5
928,3,3,0,0,0,2,2
929,4,4,0,0,1,0,0
930,0,0,0,0,0,0,0
931,8,8,0,0,0,4,3
932,25,25,0,0,8,14,12
933,9,8,0,0,5,8,7
934,12,12,0,0,4,9,6
935,1,1,0,0,0,0,0
936,0,0,0,0,0,0,0
937,1,1,0,0,0,0,0
938,3,3,0,0,1,4,2
939,13,13,0,0,2,6,5
940,5,5,0,0,2,5,3
941,3,3,0,0,1,2,2
942,3,3,0,0,0,1,1
943,1,1,0,0,0,1,1
944,1,1,0,0,1,2,2
945,6,6,0,0,2,3,3
946,2,2,0,0,1,1,1
947,0,0,0,0,0,0,0
948,5,5,0,0,2,4,4
949,3,3,0,1,1,5,5
950,4,4,0,0,0,1,1
951,0,0,0,0,0,0,0
952,0,0,0,0,0,0,0
953,4,4,0,0,1,5,4
954,1,1,0,0,0,0,0
955,2,2,0,0,0,4,2
956,0,0,0,0,0,0,0
957,0,0,0,0,0,0,0
958,4,4,0,0,0,1,1
959,10,10,0,0,2,4,4
960,4,4,0,0,2,3,2
961,0,0,0,0,0,1,1
962,1,1,0,0,0,0,0
963,6,6,0,0,1,2,2
964,9,9,0,0,3,9,7
965,3,3,0,0,0,3,2
966,3,3,0,0,0,3,2
967,3,3,0,0,0,2,1
968,2,2,0,0,0,1,1
969,0,0,0,0,0,0,0
970,2,2,0,0,0,2,2
971,19,9,0,0,3,10,8
972,2,2,0,0,0,1,1
973,2,2,0,0,1,4,2
974,2,2,0,0,0,0,0
975,16,16,0,0,3,9,8
976,4,4,0,1,2,5,4
977,1,1,0,0,0,0,0
978,3,3,0,0,1,1,1
979,1,1,0,0,0,3,2
980,4,4,0,0,0,1,1
981,8,8,0,0,1,4,3
982,2,2,0,0,1,1,1
983,3,3,0,0,2,1,1
984,4,4,0,0,3,4,3
985,5,5,0,0,3,6,5
986,3,3,0,0,1,3,3
987,2,2,0,0,0,1,1
988,1,1,0,0,0,1,1
989,2,2,0,0,0,2,2
990,2,2,0,0,0,1,1
991,3,3,0,0,2,3,2
992,5,5,0,0,0,3,2
993,0,0,0,0,0,0,0
994,2,2,0,0,1,3,2
995,2,2,0,0,0,3,2
996,1,1,0,0,0,0,0
997,1,1,0,0,0,0,0
998,4,4,0,0,1,4,3
999,0,0,0,0,0,0,0
